Country,Region,Area (sqkm),Population,Median Age,Population Growth(%),Birth Rate,Death Rate,GDP Growth Rate,GDP Per Capita,Inflation,Unemployment Rate,Exports,Imports,Reserves (FE&Gold),External Debt,Electricity Generate (kW),CO2 Emission (mt),Broadband(FixedSubs),Airports,Education Expend (% of GDP)
Afghanistan,South Asia,652230,40121552,20.0,2.22,34.2,11.8,2.71,2000,-6.6,13.3,1476000000,6983000000,9749000000,2717000000,627000,7757000,33000,68.0,4.3
Akrotiri and Dhekelia,Europe,254,5563649,32.4,0.75,14.85,7.2,2.95,17650,3.3,5.3,11561000000,13266500000,5118000000,6712000000,3334000,10125000,419000,32.0,4.1
Albania,Europe,28748,3107100,36.3,0.16,12.3,7.4,3.94,18200,2.2,10.2,9099000000,10374000000,6455000000,5363000000,2857000,3392000,632000,3.0,2.9
Algeria,Africa,2381740,47022473,29.1,1.54,20.2,4.4,4.1,15200,4.0,11.4,59426000000,51131000000,68448000000,4764000000,22591000,163661000,5540000,95.0,5.6
American Samoa,Australia and Oceania,224,43895,30.0,-1.54,15.7,6.3,1.74,11200,3.3,5.3,409000000,677000000,5118000000,6712000000,50000,389000,419000,3.0,4.1
Andorra,Europe,468,85370,48.8,-0.12,6.9,8.1,2.58,64600,3.3,3.7,3169000000,2716000000,5118000000,6712000000,3334000,10125000,42000,32.0,1.9
Angola,Africa,1246700,37202061,16.3,3.33,41.1,7.6,1.0,7200,28.2,14.5,36886000000,22681000000,14243000000,45299000000,7600000,19660000,137000,107.0,2.5
Anguilla,Central America and the Caribbean,91,19416,37.1,1.74,11.8,4.7,2.95,17650,1.3,5.3,7900000,186200000,76380000,6712000000,3334000,10125000,5000,1.0,2.5
Antarctica,Antarctica,14200000,5563649,32.4,0.75,14.85,7.2,2.95,17650,3.3,5.3,11561000000,13266500000,5118000000,6712000000,3334000,15000,419000,31.0,4.1
Antigua and Barbuda,Central America and the Caribbean,443,102634,33.9,1.11,14.9,5.7,3.86,29000,5.1,5.3,1185000000,1273000000,358441000,6712000000,148000,725000,10000,4.0,3.1
Argentina,South America,2780400,46994384,33.3,0.79,15.2,7.3,-1.61,27100,25.7,7.9,82947000000,92300000000,24381000000,74362000000,47631000,198141000,11500000,764.0,4.8
Armenia,Central Asia,29743,2976765,38.9,-0.42,10.5,9.6,8.3,19200,0.3,13.3,14338000000,14532000000,3684000000,6002000000,4265000,7144000,546000,11.0,2.4
Aruba,Central America and the Caribbean,180,125063,40.9,1.08,11.6,8.8,4.26,40500,4.3,7.7,3153000000,2565000000,1468000000,6712000000,305000,1163000,19000,1.0,3.6
Ashmore and Cartier Islands,Australia and Oceania,5,5563649,32.4,0.75,14.85,7.2,2.95,17650,3.3,5.3,11561000000,13266500000,5118000000,6712000000,3334000,10125000,419000,32.0,4.1
Australia,Australia and Oceania,7741220,26768598,38.1,1.13,12.2,6.8,3.44,59600,3.2,4.1,425160000000,405336000000,54455000000,6712000000,108193000,394653000,9630000,2257.0,5.2
Austria,Europe,83871,8967982,44.9,0.3,9.3,9.9,-0.95,65000,2.9,5.4,299366000000,284467000000,11919000000,6712000000,33371000,56959000,2710000,62.0,4.8
Azerbaijan,Central Asia,86600,10650239,34.3,0.43,11.2,6.4,1.12,21300,2.2,5.6,34113000000,27339000000,12699000000,12378000000,8383000,38892000,2150000,32.0,3.6
Bahamas The,Central America and the Caribbean,13880,410862,30.7,1.07,13.1,5.6,2.64,33100,3.1,8.5,6005000000,6273000000,2512000000,6712000000,608000,2990000,95000,54.0,2.8
Bahrain,Middle East,760,1566888,33.4,0.82,12.2,2.8,2.98,57200,0.9,1.1,40344000000,32374000000,5118000000,6712000000,7031000,47818000,268000,3.0,2.0
Bangladesh,South Asia,148460,168697184,29.6,0.89,17.3,5.5,5.78,8200,10.5,4.7,47287000000,72996000000,20225000000,58020000000,22699000,125956000,12900000,17.0,2.0
Barbados,Central America and the Caribbean,430,304139,41.4,0.23,10.7,8.1,4.09,19200,9.8,7.5,2228000000,2120000000,1606000000,6712000000,320000,1348000,106000,1.0,4.0
Belarus,Europe,207600,9501451,42.1,-0.42,8.3,13.3,3.89,27700,5.8,3.4,49386000000,50679000000,4392000000,18010000000,12653000,46709000,3200000,46.0,5.0
Belgium,Europe,30528,11977634,42.0,0.53,10.8,9.5,1.25,64200,3.1,5.5,525458000000,531029000000,22374000000,6712000000,28248000,112083000,5120000,48.0,6.4
Belize,Central America and the Caribbean,22966,415789,26.8,1.47,17.7,5.0,1.15,12500,3.3,7.0,1640000000,1724000000,498087000,1235000000,220000,662000,39000,27.0,4.6
Benin,Africa,112622,14697052,17.2,3.29,40.3,7.6,6.35,3700,2.7,1.7,4271000000,5296000000,698900000,6309000000,505000,5948000,24000,10.0,3.7
Bermuda,North America,54,72800,43.8,0.3,10.9,9.3,-0.09,98000,1.9,7.0,1136000000,1925000000,5118000000,6712000000,172000,577000,23000,1.0,1.9
Bhutan,South Asia,38394,884546,30.7,0.95,15.3,5.9,5.21,14100,2.8,2.9,944391000,1513000000,928229000,2827000000,2344000,733000,10000,4.0,5.8
Bolivia,South America,1098581,12311974,26.6,1.0,17.6,6.6,3.08,9800,5.1,3.1,11905000000,12988000000,87100000,11174000000,4375000,21552000,1330000,201.0,8.3
Bosnia and Herzegovina,Europe,51197,3798671,44.8,-0.25,8.2,10.3,2.21,20100,1.7,10.7,12126000000,15370000000,9127000000,5359000000,4682000,24513000,908000,20.0,3.0
Botswana,Africa,581730,2450668,27.1,1.34,19.6,8.9,2.73,18800,2.8,23.1,6398000000,7228000000,4756000000,1761000000,758000,5897000,85000,122.0,8.1
Bouvet Island,Antarctica,49,5563649,32.4,0.75,14.85,7.2,2.95,17650,3.3,5.3,11561000000,13266500000,5118000000,6712000000,3334000,10125000,419000,32.0,4.1
Brazil,South America,8515770,220051512,35.1,0.61,13.2,7.0,2.91,19000,4.4,7.6,388333000000,377050000000,318857000000,198582000000,240251000,437769000,48400000,5297.0,5.5
British Indian Ocean Territory,South Asia,60,5563649,32.4,0.75,14.85,7.2,2.95,17650,3.3,5.3,11561000000,13266500000,5118000000,6712000000,3334000,10125000,419000,1.0,4.1
British Virgin Islands,Central America and the Caribbean,151,40102,38.5,1.82,10.9,5.5,2.0,34200,4.2,5.3,23000000,300000000,5118000000,6712000000,63000,188000,7000,3.0,2.5
Brunei,East and Southeast Asia,5765,491900,32.3,1.4,15.8,3.9,1.41,76800,-0.4,5.1,11578000000,9081000000,4032000000,6712000000,904000,10823000,93000,2.0,4.4
Bulgaria,Europe,110879,6782659,45.1,-0.66,7.9,14.2,1.89,33400,2.4,4.1,63380000000,59160000000,40270000000,14277000000,12939000,33465000,2450000,107.0,3.9
Burkina Faso,Africa,274200,23042199,18.7,2.4,31.9,7.3,2.96,2500,4.2,5.2,5912000000,6834000000,49000000,3565000000,749000,5243000,15000,49.0,5.3
Burma,East and Southeast Asia,676578,57527139,30.8,0.71,15.7,7.3,0.96,5400,8.8,3.0,20400000000,23100000000,9338000000,8748000000,7419000,27005000,1510000,74.0,2.0
Burundi,Africa,27830,13590102,18.4,2.81,34.6,5.7,2.7,800,20.2,0.9,378229000,1433000000,90350000,805174000,131000,838000,3000,6.0,4.4
Cabo Verde,Africa,4033,611014,28.8,1.16,17.9,5.7,5.48,9300,3.7,11.9,1158000000,1473000000,783106000,1385000000,200000,714000,38000,10.0,4.3
Cambodia,East and Southeast Asia,181035,17063669,27.9,0.99,18.2,5.7,4.96,6700,2.1,0.3,27753000000,29421000000,18608000000,8019000000,3673000,18779000,510000,12.0,3.0
Cameroon,Africa,475440,30966105,18.9,2.71,34.7,7.4,3.25,4900,7.4,3.5,8353000000,10294000000,4882000000,11112000000,1798000,6707000,603000,37.0,2.8
Canada,North America,9984670,38794813,42.6,0.71,10.0,8.2,1.25,55900,2.4,6.4,727453000000,733234000000,117551000000,6712000000,161988000,585853000,17000000,1459.0,4.5
Cayman Islands,Central America and the Caribbean,264,66653,41.2,1.75,11.5,6.1,4.36,78100,2.0,5.3,5019000000,3300000000,234000000,6712000000,176000,737000,40000,3.0,1.5
Central African Republic,Africa,622984,5650957,20.4,1.76,31.9,11.3,0.87,1100,3.0,5.9,369034000,742108000,479593000,724179000,63000,313000,1000,43.0,1.8
Chad,Africa,1284000,19093595,16.7,3.01,39.2,9.0,4.12,1700,8.9,1.1,5721000000,6321000000,1050000000,2286000000,167000,2054000,419000,44.0,3.2
Chile,South America,756102,18664652,36.9,0.61,12.4,6.6,0.22,29500,4.3,9.1,104349000000,99808000000,44382000000,6712000000,39238000,83058000,4520000,379.0,5.0
China,East and Southeast Asia,9596960,1416043270,40.2,0.23,10.2,7.7,5.25,22100,0.2,4.6,3511000000000,3125000000000,3265000000000,488114000000,2949000000,12196000000,636000000,552.0,4.0
Christmas Island,Australia and Oceania,135,1692,38.0,1.11,14.85,7.2,2.95,17650,3.3,5.3,11561000000,13266500000,5118000000,6712000000,3334000,10125000,419000,1.0,4.1
Clipperton Island,North America,6,5563649,32.4,0.75,14.85,7.2,2.95,17650,3.3,5.3,11561000000,13266500000,5118000000,6712000000,3334000,10125000,419000,32.0,4.1
Cocos (Keeling) Islands,Australia and Oceania,14,593,40.0,0.75,14.85,8.89,2.95,17650,3.3,5.3,11561000000,13266500000,5118000000,6712000000,3334000,10125000,419000,1.0,4.1
Colombia,South America,1138910,49588357,32.7,0.48,14.9,8.0,0.61,18700,6.6,9.6,68318000000,76431000000,61506000000,108027000000,21053000,85878000,8910000,661.0,5.3
Comoros,Africa,2235,900141,22.7,1.3,21.6,6.4,3.0,3500,1.0,3.9,148455000,504036000,322436000,267652000,32000,436000,3000,3.0,2.3
Congo Democratic Republic of the,Africa,2344858,115403027,16.9,3.11,39.2,7.6,8.56,1500,41.5,4.6,29650000000,33680000000,5104000000,7926000000,3229000,5883000,33000,273.0,2.8
Congo Republic of the,Africa,342000,6097665,20.7,2.38,28.7,4.8,1.91,6200,4.3,19.7,7752000000,4487000000,715391000,6360000000,842000,2660000,78000,56.0,3.3
Cook Islands,Australia and Oceania,236,7761,41.1,-2.24,12.1,9.4,10.5,15600,3.3,5.3,31400000,215000000,5118000000,6712000000,17000,103000,2700,10.0,4.6
Coral Sea Islands,Australia and Oceania,3,5563649,32.4,0.75,14.85,7.2,2.95,17650,3.3,5.3,11561000000,13266500000,5118000000,6712000000,3334000,10125000,419000,32.0,4.1
Costa Rica,Central America and the Caribbean,51100,5265575,35.5,0.74,10.8,5.3,5.11,26300,-0.4,7.8,33683000000,28413000000,14177000000,15574000000,3751000,7910000,1150000,132.0,6.2
Cote d'Ivoire,Africa,322463,29981758,21.2,2.13,27.5,7.3,6.2,6500,3.5,2.3,17211000000,19948000000,6257000000,26576000000,2315000,16280000,425000,29.0,3.4
Croatia,Europe,56594,4150116,45.1,-0.46,8.5,13.1,3.3,41100,7.9,5.2,45064000000,46811000000,3336000000,6712000000,5518000,16467000,1110000,45.0,4.8
Cuba,Central America and the Caribbean,110860,10966038,42.6,-0.17,9.9,9.5,-1.93,12300,5.5,1.5,8769000000,8067000000,11350000000,6712000000,7264000,19716000,327000,120.0,8.4
Curacao,Central America and the Caribbean,444,153289,37.8,0.28,12.9,8.9,4.2,28900,2.6,5.3,2107000000,2764000000,5118000000,6712000000,3334000,10125000,61000,1.0,7.4
Cyprus,Europe,9251,1320525,39.5,0.95,10.2,7.0,2.61,53400,1.8,5.6,32876000000,32441000000,921269000,6712000000,2288000,6837000,357000,14.0,5.1
Czechia,Europe,78867,10837890,44.2,0.04,9.8,12.0,-0.09,49700,2.4,2.5,236688000000,219393000000,141988000000,6712000000,21802000,79901000,4100000,252.0,4.7
Denmark,Europe,43094,5973136,42.2,0.44,11.3,9.6,2.5,72100,1.4,5.6,276646000000,243478000000,103239000000,6712000000,20794000,29915000,2650000,102.0,5.3
Djibouti,Africa,23200,994974,26.3,1.89,21.8,7.0,6.68,6400,1.5,25.9,5250000000,4765000000,348725000,2531000000,210000,685000,17000,10.0,3.8
Dominica,Central America and the Caribbean,751,74661,37.0,-0.01,13.3,8.1,4.71,17400,4.2,5.3,188818000,417164000,155971000,301191000,41000,168000,14000,2.0,5.4
Dominican Republic,Central America and the Caribbean,48670,10815857,29.2,0.76,17.3,7.1,2.36,23100,3.3,5.5,25843000000,34455000000,13424000000,35044000000,6581000,29713000,1260000,32.0,4.3
Ecuador,South America,283561,18309984,28.0,0.94,17.7,7.2,2.36,14500,1.5,4.8,35687000000,35421000000,4703000000,39658000000,8438000,38286000,2890000,317.0,3.9
Egypt,Africa,1001450,111247248,24.4,1.49,19.5,4.3,3.76,16700,33.9,7.2,68218000000,82265000000,34278000000,117272000000,59680000,236618000,13600000,73.0,3.9
El Salvador,Central America and the Caribbean,21041,6628702,29.7,0.34,17.1,5.9,3.51,11400,0.9,2.8,10629000000,17032000000,3590000000,12668000000,2803000,8694000,671000,27.0,3.2
Equatorial Guinea,Africa,28051,1795834,22.1,3.23,29.0,8.9,-5.09,15700,4.8,7.8,4516000000,3065000000,1538000000,6712000000,349000,5471000,2000,7.0,4.1
Eritrea,Africa,117600,6343956,21.3,1.12,26.3,6.5,5.0,1600,9.0,5.6,624300000,1127000000,191694000,461376000,243000,733000,6000,11.0,4.1
Estonia,Europe,45228,1193791,45.0,-0.76,8.2,13.2,-3.02,42500,3.5,7.8,32637000000,32375000000,2054000000,6712000000,3225000,4607000,516000,34.0,5.7
Eswatini,Africa,17364,1138089,24.6,0.7,22.3,9.4,5.01,10100,2.6,34.4,2174000000,2351000000,479261000,923266000,285000,1326000,34000,16.0,6.0
Ethiopia,Africa,1104300,118550298,20.4,2.37,29.6,5.8,6.5,2800,30.2,3.4,10865000000,22951000000,3784000000,25426000000,5690000,18519000,566000,58.0,2.3
Falkland Islands (Islas Malvinas),South America,12173,3142,32.4,0.01,10.9,4.9,25.5,70800,3.3,1.0,257300000,13266500000,5118000000,6712000000,10000,36000,1000,34.0,4.1
Faroe Islands,Europe,1393,52933,36.8,0.63,14.9,8.6,2.49,70400,-0.3,2.2,2255000000,2212000000,5118000000,6712000000,180000,742000,19000,1.0,7.6
Fiji,Australia and Oceania,18274,951611,31.6,0.4,15.9,6.5,7.52,13700,2.1,4.3,2376000000,3434000000,1597000000,1397000000,427000,1432000,23000,26.0,4.2
Finland,Europe,338145,5626414,43.3,0.2,10.2,10.4,-1.16,57100,1.6,8.3,124531000000,122644000000,14322000000,6712000000,26782000,33594000,1980000,98.0,6.5
France,Europe,643801,68374591,42.6,0.2,10.9,10.0,0.94,55400,2.0,7.4,1050000000000,1094000000000,78429000000,6712000000,151463000,303779000,32300000,1218.0,5.4
French Polynesia,Australia and Oceania,4167,303540,35.3,0.66,13.0,5.8,4.47,18600,3.3,11.8,162000000,1660000000,5118000000,6712000000,345000,1010000,78000,54.0,4.1
French Southern and Antarctic Lands,Africa,62045,5563649,32.4,0.75,14.85,7.2,2.95,17650,3.3,5.3,11561000000,13266500000,5118000000,6712000000,3334000,10125000,419000,4.0,4.1
Gabon,Africa,267667,2455105,22.0,2.37,25.7,5.5,2.45,18700,1.2,20.1,12356000000,5380000000,1447000000,6442000000,785000,3144000,80000,42.0,2.3
Gambia The,Africa,11300,2523327,20.2,2.16,27.3,5.6,4.8,2900,17.0,6.5,643689000,1380000000,577028000,902421000,162000,537000,6000,1.0,2.7
Gaza Strip,Middle East,360,2141643,19.5,2.02,26.8,2.9,-5.41,5300,5.9,24.4,3413000000,11637000000,1328000000,6712000000,352000,3913000,431000,32.0,5.4
Georgia,Central Asia,69700,4900961,38.3,-0.5,12.0,13.3,7.83,22600,1.1,11.5,15173000000,17816000000,3848000000,9085000000,4526000,10700000,1100000,21.0,3.7
Germany,Europe,357022,84119100,46.8,-0.12,8.9,12.0,-0.27,63600,2.3,3.4,1944000000000,1770000000000,96792000000,6712000000,275658000,600192000,38400000,840.0,4.5
Ghana,Africa,238533,34589092,21.4,2.15,27.6,5.9,2.94,6800,22.8,3.0,25365000000,26024000000,3624000000,29241000000,5519000,20822000,223000,11.0,2.9
Gibraltar,Europe,7,29683,36.8,0.17,13.7,8.7,2.95,61700,3.3,1.0,202300000,13266500000,5118000000,6712000000,50000,15608000,23000,1.0,4.1
Greece,Europe,131957,10461091,46.5,-0.35,7.4,12.0,2.33,36900,2.7,10.1,107218000000,119234000000,5610000000,6712000000,24169000,62060000,4480000,82.0,3.8
Greenland,North America,2166086,57751,35.3,-0.05,13.5,9.2,1.29,68100,0.3,5.3,1147000000,1609000000,5118000000,6712000000,190000,527000,18000,25.0,10.2
Grenada,Central America and the Caribbean,344,114621,35.4,0.27,13.3,8.4,3.57,16900,2.7,24.0,828529000,924688000,423263000,501371000,60000,348000,35000,2.0,5.1
Guam,Australia and Oceania,544,169532,30.3,0.11,18.1,6.1,5.1,35600,1.0,5.6,545000000,4421000000,5118000000,6712000000,525000,1819000,3000,3.0,4.1
Guatemala,Central America and the Caribbean,108889,18255216,24.8,1.49,21.4,4.9,3.53,12400,2.9,2.2,17329000000,33035000000,23834000000,11862000000,4995000,18546000,921000,58.0,3.2
Guernsey,Europe,78,67787,45.0,0.21,9.7,9.2,3.72,52500,3.3,6.3,11561000000,13266500000,5118000000,6712000000,3334000,10125000,25336,2.0,4.1
Guinea,Africa,245857,13986179,19.4,2.74,35.3,7.8,6.74,3900,8.1,5.2,12008000000,8365000000,1887000000,3764000000,1060000,4505000,1000,16.0,1.7
Guinea-Bissau,Africa,36125,2132325,18.4,2.54,36.0,7.2,5.2,2600,9.4,2.6,280065000,577899000,356400000,896812000,29000,366000,7000,7.0,2.7
Guyana,South America,214969,794099,28.3,0.32,16.7,7.0,33.8,49300,2.9,10.2,13739000000,10956000000,1010000000,1805000000,259000,2639000,106000,55.0,4.5
Haiti,Central America and the Caribbean,27750,11753943,25.0,1.23,21.2,7.3,-1.86,3000,36.8,15.1,1095000000,5303000000,2566000000,1865000000,472000,2854000,35000,17.0,1.1
Heard Island and McDonald Islands,Antarctica,412,5563649,32.4,0.75,14.85,7.2,2.95,17650,3.3,5.3,11561000000,13266500000,5118000000,6712000000,3334000,10125000,419000,32.0,4.1
Holy See (Vatican City),Europe,62045,1000,32.4,0.75,14.85,7.2,2.95,17650,3.3,5.3,11561000000,13266500000,5118000000,6712000000,3334000,10125000,419000,32.0,4.1
Honduras,Central America and the Caribbean,112090,9529188,25.7,1.29,19.9,5.4,3.58,6500,4.6,6.1,9646000000,17789000000,7543000000,7785000000,3334000,10534000,476000,129.0,4.0
Hong Kong,East and Southeast Asia,1108,7297821,47.2,0.12,7.6,8.1,3.28,64500,1.7,2.8,673738000000,671492000000,425554000000,6712000000,13300000,58433000,2970000,2.0,3.8
Hungary,Europe,93028,9855745,44.8,-0.28,9.1,14.5,-0.91,40500,3.7,4.4,172662000000,162020000000,37194000000,6712000000,14829000,40161000,3560000,109.0,5.1
Iceland,Europe,103000,364036,38.0,0.85,12.6,6.6,5.04,67300,5.9,3.1,13916000000,14298000000,6236000000,6712000000,3005000,3101000,145000,82.0,6.7
India,South Asia,3287263,1409128296,29.8,0.72,16.2,9.1,8.15,9200,5.0,4.2,773177000000,859507000000,569544000000,212728000000,499136000,2821000000,39300000,315.0,4.1
Indonesia,East and Southeast Asia,1904569,281562465,31.5,0.73,14.8,6.8,5.05,13900,3.7,3.3,300811000000,279552000000,149118000000,225273000000,70826000,829655000,13500000,556.0,1.3
Iran,Middle East,1648195,88386937,33.8,0.88,14.3,5.3,5.04,15900,44.6,9.2,97924000000,113210000000,120600000000,6759000000,86058000,823364000,10900000,177.0,2.8
Iraq,Middle East,438317,42083436,22.4,1.99,23.7,3.9,-2.94,12700,4.4,15.5,107852000000,81179000000,87048000000,15580000000,31339000,190815000,7770000,73.0,4.7
Ireland,Europe,70273,5233461,40.2,0.93,11.1,7.4,-5.53,114900,2.1,4.4,761876000000,580399000000,11688000000,6712000000,12321000,35486000,1650000,100.0,3.0
Isle of Man,Europe,572,92269,44.9,0.45,10.4,10.2,3.84,84600,4.1,1.1,11561000000,13266500000,5118000000,6712000000,3334000,10125000,419000,4.0,4.1
Israel,Middle East,21937,9402617,30.1,1.58,19.1,5.2,2.42,48400,3.1,3.2,153248000000,140438000000,214544000000,6712000000,22612000,64401000,2760000,40.0,6.5
Italy,Europe,301340,60964931,48.4,-0.08,7.1,11.2,0.7,53300,1.0,6.8,777594000000,747798000000,84875000000,6712000000,128692000,307442000,20100000,655.0,4.0
Jamaica,Central America and the Caribbean,10991,2823713,30.9,0.1,15.6,7.5,2.2,10300,5.4,4.9,7275000000,9866000000,4869000000,9636000000,1242000,7890000,448000,20.0,5.7
Jan Mayen,Europe,377,5563649,32.4,0.75,14.85,7.2,2.95,17650,3.3,5.3,11561000000,13266500000,5118000000,6712000000,3334000,10125000,419000,32.0,4.1
Japan,East and Southeast Asia,377915,123201945,49.9,-0.43,6.9,11.9,1.68,46200,2.7,2.6,920737000000,989843000000,1160000000000,6712000000,361617000,960230000,47900000,280.0,3.2
Jersey,Europe,116,103387,38.2,0.56,12.2,7.8,3.72,56600,3.3,6.3,11561000000,13266500000,5118000000,6712000000,3334000,10125000,39699,1.0,4.1
Jordan,Middle East,89342,11174024,25.0,0.78,22.2,3.5,2.68,9400,2.1,18.0,22186000000,28922000000,15929000000,21058000000,6891000,22434000,805000,18.0,3.2
Kazakhstan,Central Asia,2724900,20260006,31.9,0.86,17.2,8.1,5.1,34700,4.9,4.8,90915000000,72993000000,21980000000,25765000000,27624000,269830000,3590000,132.0,4.9
Kenya,Africa,580367,58246378,21.2,2.06,25.6,4.9,5.56,5700,4.5,5.4,12626000000,22046000000,10065000000,31451000000,3824000,19023000,1320000,368.0,4.0
Kiribati,Australia and Oceania,811,116545,27.3,1.0,19.7,6.9,4.12,3200,9.3,5.3,17099000,293624000,5118000000,6712000000,12000,81000,419000,21.0,16.4
Korea North,East and Southeast Asia,120538,26298666,35.9,0.4,13.2,9.2,-1.1,1700,3.3,2.9,222000000,2320000000,5118000000,6712000000,8357000,55744000,419000,81.0,4.1
Korea South,East and Southeast Asia,99720,52081799,45.5,0.21,7.0,7.4,1.36,50600,2.3,2.6,835149000000,758724000000,409457000000,6712000000,151139000,644231000,24100000,92.0,4.9
Kosovo,Europe,10887,1977093,32.0,0.68,14.4,7.2,4.07,13600,1.6,30.5,4156000000,7362000000,1310000000,785739000,1555000,7444000,419000,2.0,4.1
Kuwait,Middle East,17818,3138355,30.3,1.1,17.5,2.3,-3.64,46500,2.9,2.1,95476000000,63430000000,44104000000,6712000000,20294000,100459000,49000,6.0,5.0
Kyrgyzstan,Central Asia,199951,6172101,28.3,0.79,18.7,6.0,6.15,6400,10.8,3.3,3628000000,10655000000,3237000000,3617000000,3944000,11389000,456000,28.0,6.8
Laos,East and Southeast Asia,236800,7953556,25.4,1.26,19.8,6.2,3.75,8400,23.1,1.2,9698000000,8596000000,1770000000,9619000000,12738000,23412000,183000,20.0,1.2
Latvia,Europe,64589,1801246,45.5,-1.14,8.3,14.7,1.71,37000,1.3,6.7,28117000000,29234000000,4591000000,6712000000,3428000,6427000,489000,55.0,5.4
Lebanon,Middle East,10400,5364482,36.3,0.61,12.6,5.6,-0.15,12300,221.3,11.5,11770000000,23313000000,9240000000,41936000000,5161000,17484000,419000,8.0,2.4
Lesotho,Africa,30355,2227548,23.9,0.76,22.9,10.8,1.83,2600,6.1,16.1,983619000,2089000000,854089000,928019000,104000,1148000,9000,34.0,6.6
Liberia,Africa,111369,5437249,19.9,2.32,32.4,8.3,4.68,1600,10.1,2.9,1220000000,1961000000,599660000,1335000000,199000,671000,15000,19.0,2.3
Libya,Africa,1759540,7361263,26.2,1.44,20.3,3.5,10.16,12500,2.1,18.6,32380000000,25406000000,80592000000,6712000000,10519000,46479000,326000,75.0,4.1
Liechtenstein,Europe,160,40272,44.2,0.69,10.3,8.2,2.95,17650,-0.4,5.3,3217000000,2230000000,5118000000,6712000000,3334000,10125000,20000,32.0,2.6
Lithuania,Europe,65300,2628186,45.1,-1.05,8.9,15.2,0.34,46700,0.7,7.5,61020000000,57899000000,6920000000,6712000000,5426000,12877000,806000,64.0,4.3
Luxembourg,Europe,2586,671254,39.9,1.52,11.6,7.1,-1.1,132800,2.1,5.9,202203000000,160032000000,2602000000,6712000000,2212000,8715000,250000,3.0,4.7
Macau,East and Southeast Asia,28,644426,42.5,0.67,8.6,4.9,75.06,105000,0.5,2.4,41839000000,23205000000,29392000000,6712000000,427000,1595000,212000,1.0,6.3
Madagascar,Africa,587041,29452714,21.3,2.18,27.6,5.8,3.8,1600,9.9,3.0,4689000000,6041000000,2785000000,3548000000,759000,3936000,34000,93.0,3.0
Malawi,Africa,118484,21763309,20.3,2.22,26.6,4.5,1.89,1600,32.2,5.0,1526000000,3995000000,594498000,2269000000,731000,2265000,17000,27.0,3.3
Malaysia,East and Southeast Asia,329847,34564810,31.8,0.99,14.2,5.8,3.56,32800,1.8,3.8,301789000000,279090000000,112968000000,6712000000,37220000,260005000,4580000,100.0,3.6
Maldives,South Asia,298,388858,31.9,-0.2,15.1,4.3,4.73,22300,1.4,4.6,4878000000,4979000000,673203000,3113000000,432000,1908000,98000,20.0,5.2
Mali,Africa,1240192,21990607,16.4,2.9,40.0,8.1,4.66,2400,3.2,3.1,6130000000,8066000000,647800000,4085000000,1222000,6858000,179000,30.0,4.2
Malta,Europe,316,469730,43.5,0.51,9.4,8.8,7.5,61100,5.1,2.7,26647000000,22637000000,1402000000,6712000000,829000,8965000,236000,1.0,4.8
Marshall Islands,Australia and Oceania,181,82011,25.5,1.26,21.2,4.3,-3.93,6800,3.3,5.3,130016000,206025000,5118000000,6712000000,3334000,293700,1000,33.0,7.5
Mauritania,Africa,1030700,4328040,22.1,1.92,27.2,7.2,6.51,6300,5.0,10.4,3955000000,5271000000,2039000000,3072000000,812000,4860000,14000,25.0,4.8
Mauritius,Africa,2040,1310504,39.6,0.07,9.8,9.0,6.96,26600,4.1,5.5,6381000000,8027000000,7465000000,3632000000,955000,5551000,343000,5.0,3.3
Mexico,North America,1964375,130739927,30.8,0.72,14.3,6.5,3.2,22100,4.7,2.7,649729000000,674695000000,221944000000,306308000000,105586000,441049000,26600000,1580.0,4.2
Micronesia Federated States of,Australia and Oceania,702,99603,28.2,-0.73,17.8,4.2,0.78,3900,5.4,5.3,125789000,310669000,497434000,6712000000,3334000,121000,7000,7.0,11.6
Moldova,Europe,33851,3599528,39.9,-0.58,8.4,14.2,0.78,15900,4.7,1.4,5866000000,9840000000,5477000000,2637000000,779000,7093000,841000,10.0,6.6
Monaco,Europe,2,31813,56.9,0.71,6.5,11.1,5.04,115700,3.3,5.3,964600000,1371000000,5118000000,6712000000,3334000,10125000,22000,32.0,1.2
Mongolia,East and Southeast Asia,1564116,3281676,31.5,0.78,14.9,6.4,7.42,16200,6.8,5.4,15501000000,13545000000,4891000000,8379000000,1510000,19203000,499000,37.0,3.7
Montenegro,Europe,13812,599849,41.1,-0.44,10.9,10.3,6.34,27900,3.3,14.1,3634000000,5467000000,1741000000,3643000000,1082000,2808000,203000,5.0,4.1
Montserrat,Central America and the Caribbean,102,5468,36.8,0.59,11.9,6.0,2.95,17650,1.2,5.6,11900000,15300000,47580000,6712000000,6000,24000,2700,1.0,7.2
Morocco,Africa,716550,37387585,30.6,0.84,16.8,6.6,3.4,8900,1.0,8.9,61746000000,73759000000,35269000000,42262000000,14615000,64173000,2420000,48.0,6.0
Mozambique,Africa,799380,33350954,17.3,2.54,36.5,9.6,5.44,1500,7.1,3.5,9358000000,10488000000,3513000000,8274000000,2860000,9549000,65000,92.0,6.0
Namibia,Africa,824292,2803660,22.8,1.72,24.3,7.1,4.16,10100,4.2,19.1,5691000000,8286000000,3356000000,6712000000,646000,3460000,104000,259.0,9.4
Nauru,Australia and Oceania,21,9892,27.8,0.39,20.2,6.5,0.59,12500,5.1,5.3,64931000,150193000,5118000000,6712000000,19000,86000,1000,1.0,5.6
Navassa Island,Central America and the Caribbean,5,5563649,32.4,0.75,14.85,7.2,2.95,17650,3.3,5.3,11561000000,13266500000,5118000000,6712000000,3334000,10125000,419000,32.0,4.1
Nepal,South Asia,147181,31122387,27.6,0.7,17.0,5.6,1.95,4900,7.1,10.7,3744000000,17777000000,12456000000,5719000000,2853000,11357000,1440000,51.0,4.0
Netherlands,Europe,41543,17772378,42.2,0.39,10.6,9.7,0.07,71400,3.3,3.6,1022000000000,893132000000,27753000000,6712000000,59982000,188191000,7830000,44.0,5.1
New Caledonia,Australia and Oceania,18575,304167,34.3,1.14,13.8,6.0,3.5,35700,1.4,11.2,1920000000,2260000000,5118000000,6712000000,1174000,4887000,56000,21.0,4.1
New Zealand,Australia and Oceania,268838,5161211,37.9,0.95,12.6,6.9,0.73,48800,2.9,4.9,59029000000,68412000000,22065000000,6712000000,10643000,33506000,1930000,206.0,5.2
Nicaragua,Central America and the Caribbean,130370,6676948,29.0,0.95,16.4,5.1,4.57,7500,4.6,4.6,8250000000,10517000000,6105000000,6753000000,1849000,3806000,371000,39.0,2.9
Niger,Africa,1267000,26342784,15.2,3.66,46.6,9.5,2.5,1700,9.1,0.4,1223000000,3808000000,1314000000,3793000000,377000,3132000,14000,26.0,4.1
Nigeria,Africa,923768,236747130,19.3,2.52,33.8,8.4,2.86,5600,24.7,3.0,60261000000,65423000000,38612000000,45009000000,4094000,114397000,117000,50.0,0.3
Niue,Australia and Oceania,260,1815,32.4,-0.03,14.85,7.2,2.95,11100,3.3,5.3,5680000,43800000,5118000000,6712000000,3000,9000,419000,1.0,4.1
Norfolk Island,Australia and Oceania,36,1739,32.4,0.01,14.85,7.2,2.95,17650,3.3,5.3,11561000000,13266500000,5118000000,6712000000,3334000,10125000,419000,1.0,4.1
North Macedonia,Europe,25713,2135622,40.5,0.1,10.2,9.6,2.07,23600,3.5,13.4,10445000000,12644000000,4674000000,5637000000,2467000,7369000,515000,13.0,4.1
Northern Mariana Islands,Australia and Oceania,464,51118,32.4,-0.34,15.7,5.7,16.64,24500,0.3,5.3,244000000,777000000,5118000000,6712000000,3334000,10125000,419000,4.0,4.1
Norway,Europe,323802,5509733,40.8,0.59,10.4,8.4,0.48,90500,3.1,4.0,229205000000,162467000000,81242000000,6712000000,41100000,38535000,2490000,146.0,4.0
Oman,Middle East,309500,3901992,27.3,1.75,21.1,3.2,1.31,38300,1.0,3.2,64749000000,47412000000,17298000000,6712000000,11589000,84073000,562000,37.0,4.2
Pakistan,South Asia,796095,252363571,22.9,1.86,25.5,5.9,-0.04,5400,12.6,5.5,40193000000,66752000000,12977000000,89148000000,43512000,212655000,3360000,117.0,1.9
Palau,Australia and Oceania,459,21864,35.3,0.38,11.6,8.4,1.88,15800,2.2,5.3,24480000,216681000,580900000,6712000000,3334000,10125000,1000,3.0,3.5
Panama,Central America and the Caribbean,75420,4470241,31.5,1.48,17.4,5.7,7.4,35900,0.7,6.5,36569000000,36135000000,6856000000,6712000000,4485000,23458000,809000,77.0,3.9
Papua New Guinea,East and Southeast Asia,462840,10046233,21.7,2.26,28.1,5.4,3.04,4200,0.6,2.7,12930000000,7192000000,3901000000,7011000000,1148000,5798000,22000,569.0,1.4
Paracel Islands,East and Southeast Asia,8,2230,32.4,0.75,14.85,7.2,2.95,17650,3.3,5.3,11561000000,13266500000,5118000000,6712000000,3334000,10125000,419000,2.0,4.1
Paraguay,South America,406752,7522549,31.8,1.09,15.9,4.9,4.71,15800,3.8,6.1,18581000000,17904000000,9886000000,13783000000,8928000,7509000,878000,83.0,3.4
Peru,South America,1285216,32600249,30.2,0.48,16.7,10.9,-0.55,15300,2.0,4.8,73326000000,62990000000,76338000000,38102000000,16164000,58903000,3530000,174.0,4.2
Philippines,East and Southeast Asia,300000,118277063,25.7,1.56,22.1,6.2,5.55,9900,3.2,2.2,106990000000,161154000000,95251000000,63241000000,29174000,156228000,7510000,256.0,3.6
Pitcairn Islands,Australia and Oceania,47,50,32.4,0.75,14.85,7.2,2.95,17650,3.3,5.3,11561000000,13266500000,5118000000,6712000000,3334000,10125000,419000,32.0,4.1
Poland,Europe,312685,38746310,42.9,-1.0,8.4,12.2,0.14,44400,3.8,2.5,471571000000,423797000000,185515000000,6712000000,64806000,264031000,10100000,318.0,4.6
Portugal,Europe,92090,10207177,46.4,-0.14,8.0,10.9,2.53,41800,2.4,6.4,144237000000,136976000000,10332000000,6712000000,25409000,38272000,4600000,128.0,4.3
Puerto Rico,Central America and the Caribbean,9104,3019450,46.1,-1.2,7.8,10.2,0.56,43000,1.8,5.5,63579000000,56359000000,5118000000,6712000000,6898000,18833000,751000,20.0,3.6
Qatar,Middle East,11586,2552088,34.3,0.71,9.2,1.4,1.19,116200,1.3,0.1,128709000000,72174000000,44692000000,6712000000,11400000,127783000,347000,8.0,3.2
Romania,Europe,238391,18148155,45.5,-0.94,8.5,14.6,2.4,40700,-4.5,5.4,136488000000,153427000000,64699000000,6712000000,19748000,61416000,6630000,103.0,3.3
Russia,Central Asia,17098242,140820810,41.9,-0.49,8.4,14.0,3.6,39800,6.7,2.5,465660000000,379315000000,597217000000,135301000000,301926000,1844000000,35900000,905.0,4.1
Rwanda,Africa,26338,13623302,20.8,1.62,25.0,5.7,8.24,3100,1.8,12.0,3509000000,5783000000,2406000000,5531000000,294000,1645000,62000,8.0,4.7
Saint Barthelemy,Central America and the Caribbean,25,7086,47.4,-0.11,9.3,9.5,2.95,17650,3.3,5.3,11561000000,13266500000,5118000000,6712000000,3334000,10125000,419000,1.0,4.1
Saint Helena Ascension and Tristan da Cunha,Africa,394,7943,45.1,0.1,9.3,8.3,2.95,17650,3.3,5.3,11561000000,13266500000,5118000000,6712000000,5000,12000,1000,2.0,4.1
Saint Kitts and Nevis,Central America and the Caribbean,261,55133,38.6,0.56,11.8,7.4,2.28,30400,3.6,5.3,579568000,669168000,294748000,6712000000,72000,269000,22000,2.0,3.5
Saint Lucia,Central America and the Caribbean,616,168038,39.7,0.26,11.4,8.3,2.21,23400,4.1,10.9,1419000000,1292000000,406064000,901317000,93000,605000,24000,2.0,2.7
Saint Martin,Central America and the Caribbean,50,32996,34.2,0.3,13.9,4.8,4.9,17650,3.3,5.3,11561000000,13266500000,5118000000,6712000000,3334000,10125000,419000,1.0,3.9
Saint Pierre and Miquelon,North America,242,5132,51.2,-1.21,6.4,11.7,2.95,17650,1.5,5.3,11561000000,13266500000,5118000000,6712000000,26000,57000,419000,2.0,4.1
Saint Vincent and the Grenadines,Central America and the Caribbean,389,100647,37.6,-0.15,11.9,7.7,6.02,18300,3.6,18.1,345098000,588865000,316824000,456971000,55000,268000,31000,5.0,6.5
Samoa,Australia and Oceania,2831,208853,27.4,0.65,18.8,5.4,8.58,6300,2.2,4.6,346187000,560987000,507740000,269974000,54000,335000,2000,4.0,5.5
San Marino,Europe,61,35095,46.1,0.57,9.0,8.9,7.9,70900,1.2,8.1,3616000000,3169000000,836088000,6712000000,3334000,10125000,12000,1.0,3.4
Sao Tome and Principe,Africa,964,223561,20.8,1.42,26.7,6.0,0.37,5500,21.3,9.2,96977000,219322000,46247000,327248000,29000,146000,6000,2.0,5.0
Saudi Arabia,Middle East,2149690,36544431,32.4,1.68,13.6,3.5,-0.75,55100,1.7,3.9,368731000000,289910000000,436769000000,6712000000,119620000,656511000,14500000,90.0,5.1
Senegal,Africa,196722,18847519,19.2,2.46,30.2,4.9,4.58,4300,5.9,3.0,7001000000,14916000000,1827000000,14985000000,1772000,10373000,357000,20.0,6.2
Serbia,Europe,77474,6652212,43.9,-0.61,8.8,14.9,3.85,26000,4.7,7.4,44352000000,48158000000,26445000000,21726000000,8202000,44782000,2080000,46.0,3.2
Seychelles,Africa,455,98187,38.7,0.56,11.8,7.0,3.16,29500,0.3,3.0,2375000000,2437000000,773678000,6712000000,156000,893000,39000,16.0,4.5
Sierra Leone,Africa,71740,9121049,19.4,2.32,30.8,9.0,5.71,3000,28.6,3.1,1382000000,2264000000,495699000,1451000000,149000,1342000,419000,8.0,8.5
Singapore,East and Southeast Asia,719,6028459,39.4,0.87,8.8,4.3,1.08,127500,2.4,3.2,978597000000,786020000000,365494000000,6712000000,13134000,238962000,1570000,9.0,2.2
Sint Maarten,Central America and the Caribbean,34,46215,41.0,1.15,12.2,6.4,3.8,44900,2.2,5.3,1504000000,1489000000,5118000000,6712000000,3334000,10125000,419000,1.0,4.1
Slovakia,Europe,49035,5563649,42.8,-0.08,10.0,11.2,1.38,39300,2.8,5.2,121008000000,119666000000,11793000000,6712000000,8138000,30087000,1830000,116.0,4.5
Slovenia,Europe,20273,2097893,46.3,-0.1,8.0,10.5,2.11,48200,2.0,3.4,59159000000,54583000000,2566000000,6712000000,4739000,10772000,683000,42.0,5.7
Solomon Islands,Australia and Oceania,28896,726799,25.2,1.65,22.0,3.9,3.08,2500,5.9,1.5,642877000,857128000,688220000,184191000,37000,318000,1000,36.0,8.3
Somalia,Africa,637657,13017273,19.1,2.55,37.4,11.2,4.22,1400,1.5,18.9,2164000000,8002000000,30450000,2563000000,156000,838000,119000,40.0,0.3
South Africa,Africa,1219090,60442647,30.4,1.07,17.7,6.9,0.7,13700,4.4,33.2,124671000000,123454000000,54912000000,93879000000,65989000,446704000,2150000,573.0,6.7
South Georgia and South Sandwich Islands,South America,3903,5563649,32.4,0.75,14.85,7.2,2.95,17650,3.3,5.3,11561000000,13266500000,5118000000,6712000000,3334000,10125000,419000,32.0,4.1
South Sudan,Africa,644329,12703714,18.7,4.65,36.4,8.9,-5.2,1600,2.4,12.5,4499000000,4443000000,72881000,6712000000,136000,1725000,419000,89.0,1.6
Spain,Europe,505370,47280433,46.8,0.12,7.1,10.0,2.68,47100,2.8,11.4,616648000000,552948000000,84154000000,6712000000,130366000,254823000,18200000,365.0,4.3
Spratly Islands,East and Southeast Asia,5,5563649,32.4,0.75,14.85,7.2,2.95,17650,3.3,5.3,11561000000,13266500000,5118000000,6712000000,3334000,10125000,419000,32.0,4.1
Sri Lanka,South Asia,65610,21982608,34.1,0.39,14.5,7.5,-2.3,13000,-0.4,5.0,17327000000,18823000000,6055000000,42198000000,5326000,19153000,2010000,18.0,1.8
Sudan,Africa,1861484,50467278,19.3,2.55,33.1,6.1,-20.11,2500,138.8,11.45,5908000000,11575000000,177934000,21650000000,3815000,18242000,30000,45.0,4.1
Suriname,South America,163820,646758,32.0,1.07,14.9,6.7,2.54,19000,16.2,7.3,2793000000,2571000000,1530000000,2645000000,537000,2521000,125000,55.0,2.9
Svalbard,Europe,62045,2556,32.4,-0.03,14.85,7.2,2.95,17650,3.3,5.3,11561000000,13266500000,5118000000,6712000000,3334000,10125000,419000,32.0,4.1
Sweden,Europe,450295,10589835,41.1,0.51,10.7,9.6,-0.31,63100,2.8,8.5,338852000000,309526000000,52023000000,6712000000,55307000,43960000,4300000,206.0,7.1
Switzerland,Europe,41277,8860574,44.2,0.75,10.1,8.5,0.72,82600,1.1,4.1,654175000000,556351000000,822130000000,6712000000,26502000,33306000,4330000,66.0,5.1
Syria,Middle East,187437,23865423,24.1,1.67,21.7,4.0,0.73,4500,13.4,13.0,1609000000,6803000000,407300000,4573000000,9636000,20243000,1620000,42.0,4.1
Taiwan,East and Southeast Asia,35980,23595274,44.6,0.03,7.3,8.1,1.28,32300,2.2,3.4,432432000000,351441000000,456700000000,6712000000,64535000,289109000,5831470,57.0,4.1
Tajikistan,Central Asia,144100,10394063,22.8,1.92,25.8,4.7,8.3,4500,7.7,11.6,1618000000,6907000000,3304000000,3024000000,6481000,8616000,6000,19.0,5.4
Tanzania,Africa,947300,67462121,19.1,2.72,32.5,5.0,5.07,3600,3.1,2.6,13980000000,16059000000,5050000000,17513000000,1818000,17707000,1660000,206.0,3.2
Thailand,East and Southeast Asia,513120,69920998,41.5,0.17,9.9,8.0,1.89,21100,1.2,0.7,337450000000,327008000000,217261000000,37065000000,55971000,336693000,11500000,105.0,2.5
Timor-Leste,East and Southeast Asia,14874,1506909,20.6,2.04,29.7,5.5,-18.12,4300,2.1,1.6,701808000,1204000000,781995000,238042000,277000,660000,419000,11.0,3.0
Togo,Africa,56785,8917994,20.7,2.41,30.9,5.1,6.41,2800,5.5,1.9,1722000000,2389000000,77800000,1923000000,326000,2656000,114000,7.0,4.1
Tokelau,Australia and Oceania,12,2453,32.4,-0.01,14.85,7.2,2.95,6004,4.0,5.3,103000,15792720,5118000000,6712000000,3334000,10125000,419000,32.0,4.1
Tonga,Australia and Oceania,747,104889,25.9,-0.34,19.7,5.0,-2.31,6900,3.2,2.2,119511000,392888000,396530000,159276000,34000,174000,9000,6.0,5.3
Trinidad and Tobago,Central America and the Caribbean,5128,1408966,38.5,0.1,10.5,8.6,1.35,31700,0.5,4.5,11544000000,8773000000,5438000000,6712000000,2139000,33629000,404000,3.0,2.9
Tunisia,Africa,163610,12048847,34.4,0.58,13.5,6.4,0.04,12600,7.2,16.2,19732000000,21953000000,8770000000,21212000000,6639000,24645000,1730000,14.0,6.7
Turkey (Turkiye),Middle East,783562,84119531,34.0,0.61,13.8,6.1,5.11,34600,58.5,8.4,372756000000,367022000000,90859000000,149654000000,106281000,399173000,19600000,116.0,3.1
Turkmenistan,Central Asia,488100,5744151,31.2,0.92,16.8,6.0,6.3,17900,8.0,4.3,13111000000,7563000000,24910000000,3696000000,6512000,106215000,377000,23.0,2.7
Turks and Caicos Islands,Central America and the Caribbean,948,60439,36.3,1.77,13.0,3.6,1.2,22300,4.0,5.3,826824000,544219000,5118000000,6712000000,94000,447000,419000,9.0,3.1
Tuvalu,Australia and Oceania,26,11733,27.8,0.78,22.0,7.8,3.85,5800,4.1,5.3,2232000,57388000,5118000000,6712000000,3334000,10125000,419000,1.0,15.8
Uganda,Africa,241038,49283041,16.2,3.18,39.6,4.7,5.34,2800,3.3,2.9,9084000000,13853000000,3359000000,10469000000,1452000,6354000,44000,39.0,2.6
Ukraine,Europe,603550,35661826,44.9,2.38,6.0,18.6,5.32,15900,6.5,9.8,56114000000,92025000000,41485000000,90003000000,60297000,106847000,8070000,152.0,5.9
United Arab Emirates,Middle East,83600,10032213,35.8,0.6,10.7,1.7,3.62,68600,1.6,2.1,558402000000,481852000000,231690000000,6712000000,44462000,271703000,3950000,42.0,3.9
United Kingdom,Europe,243610,68459055,40.8,0.45,10.8,9.2,0.34,54500,3.3,4.1,1050000000000,1076000000000,148569000000,6712000000,114749000,340940000,28200000,1057.0,4.9
United States,North America,9833517,341963408,38.9,0.67,12.2,8.5,2.89,74600,2.9,4.1,3072000000000,3857000000000,227760000000,6712000000,1235000000,4795000000,131000000,16116.0,5.4
United States Pacific Island Wildlife Refuges,Africa,62045,5563649,32.4,0.75,14.85,7.2,2.95,17650,3.3,5.3,11561000000,13266500000,5118000000,6712000000,3334000,294000,419000,2.0,4.1
Uruguay,South America,176215,3425330,36.5,0.26,12.6,9.1,0.37,31000,4.8,8.4,22005000000,19308000000,17369000000,6712000000,5682000,6896000,1100000,65.0,3.6
Uzbekistan,Central Asia,447400,36520593,28.9,1.43,20.5,5.1,6.29,10000,9.6,4.5,25050000000,42646000000,9145000000,25714000000,17901000,110992000,10800000,74.0,5.5
Vanuatu,Australia and Oceania,12189,318007,24.6,1.55,20.8,4.0,2.21,3100,11.2,5.1,152087000,579347000,643768000,299746000,39000,292000,4000,31.0,10.6
Venezuela,South America,912050,31250306,31.0,2.34,16.7,6.5,-19.67,7704,228.5,5.5,83401000000,18432000000,9794000000,6712000000,33493000,76730000,2700000,509.0,1.3
Vietnam,East and Southeast Asia,331210,105758975,33.1,0.89,14.9,5.8,5.05,13500,3.6,1.4,375100000000,339859000000,92238000000,34426000000,85725000,305404000,22800000,36.0,2.9
Virgin Islands,Central America and the Caribbean,1910,104377,43.0,-0.54,11.1,9.2,-1.31,46500,1.0,12.0,4549000000,5058000000,5118000000,6712000000,326000,2378000,9000,2.0,4.1
Wake Island,Australia and Oceania,7,5563649,32.4,0.75,14.85,7.2,2.95,17650,3.3,5.3,11561000000,13266500000,5118000000,6712000000,3334000,1214000,419000,1.0,4.1
Wallis and Futuna,Australia and Oceania,142,15964,36.3,0.22,11.8,6.0,2.95,17650,0.9,5.3,11561000000,13266500000,5118000000,6712000000,3334000,10125000,419000,2.0,4.1
West Bank,Middle East,5860,3243369,21.9,2.07,27.8,3.3,-5.41,5300,5.9,24.4,3413000000,11637000000,1328000000,6712000000,352000,3913000,431000,1.0,5.4
Yemen,Middle East,527968,32140443,22.0,1.78,23.4,5.5,0.75,2500,24.7,17.1,384500000,4079000000,1251000000,6492000000,1790000,8193000,486000,37.0,4.1
Zambia,Africa,752618,20799116,18.4,2.83,34.1,5.9,5.37,3700,10.9,6.0,11454000000,10854000000,3173000000,16597000000,3986000,9877000,99000,120.0,4.1
Zimbabwe,Africa,390757,17150352,21.2,1.91,28.8,6.5,5.34,3400,104.7,8.6,7603000000,10293000000,261373000,6671000000,2491000,12578000,269000,144.0,0.4
